{
  "name" : "E3C_TEMPLATE",
  "description" : null,
  "mode" : "ANNOTATION",
  "version" : 1,
  "source_documents" : [ ],
  "annotation_documents" : [ ],
  "project_permissions" : [ {
    "level" : "USER",
    "user" : "ENGLISH_E3C"
  }, {
    "level" : "ADMIN",
    "user" : "admin"
  }, {
    "level" : "CURATOR",
    "user" : "admin"
  }, {
    "level" : "USER",
    "user" : "admin"
  } ],
  "tag_sets" : [ {
    "name" : "ALINK values",
    "typeUiName" : null,
    "description" : null,
    "language" : null,
    "type" : null,
    "type_name" : null,
    "type_description" : null,
    "tags" : [ {
      "tag_name" : "CONTINUES",
      "tag_description" : null
    }, {
      "tag_name" : "INITIATES",
      "tag_description" : null
    }, {
      "tag_name" : "REINITIATES",
      "tag_description" : null
    }, {
      "tag_name" : "TERMINATES",
      "tag_description" : null
    } ],
    "create_tag" : false
  }, {
    "name" : "Coreference mentions",
    "typeUiName" : null,
    "description" : "coreference type annotation",
    "language" : "de",
    "type" : null,
    "type_name" : null,
    "type_description" : null,
    "tags" : [ {
      "tag_name" : "nam",
      "tag_description" : "nam"
    } ],
    "create_tag" : false
  }, {
    "name" : "Coreference relations",
    "typeUiName" : null,
    "description" : "coreference relation annotation",
    "language" : "de",
    "type" : null,
    "type_name" : null,
    "type_description" : null,
    "tags" : [ {
      "tag_name" : "anaphoric",
      "tag_description" : "anaphoric"
    } ],
    "create_tag" : false
  }, {
    "name" : "Dependency flavors",
    "typeUiName" : null,
    "description" : "Dependency flavors",
    "language" : "mul",
    "type" : null,
    "type_name" : null,
    "type_description" : null,
    "tags" : [ {
      "tag_name" : "basic",
      "tag_description" : "basic"
    }, {
      "tag_name" : "enhanced",
      "tag_description" : "enhanced"
    } ],
    "create_tag" : true
  }, {
    "name" : "Discontinuous values",
    "typeUiName" : null,
    "description" : null,
    "language" : null,
    "type" : null,
    "type_name" : null,
    "type_description" : null,
    "tags" : [ {
      "tag_name" : "C0000737",
      "tag_description" : null
    }, {
      "tag_name" : "C0018801",
      "tag_description" : null
    }, {
      "tag_name" : "C0019554",
      "tag_description" : null
    }, {
      "tag_name" : "C0029927",
      "tag_description" : null
    }, {
      "tag_name" : "C0031350",
      "tag_description" : null
    }, {
      "tag_name" : "C0034065",
      "tag_description" : null
    }, {
      "tag_name" : "C0271801",
      "tag_description" : null
    }, {
      "tag_name" : "C0333062",
      "tag_description" : null
    }, {
      "tag_name" : "C0476270",
      "tag_description" : null
    }, {
      "tag_name" : "C1336770",
      "tag_description" : null
    }, {
      "tag_name" : "C2126130",
      "tag_description" : null
    }, {
      "tag_name" : "C3887784",
      "tag_description" : null
    }, {
      "tag_name" : "C4281741",
      "tag_description" : null
    }, {
      "tag_name" : "C4551583",
      "tag_description" : null
    }, {
      "tag_name" : "DISCONTINUOUS",
      "tag_description" : null
    }, {
      "tag_name" : "ai",
      "tag_description" : null
    } ],
    "create_tag" : true
  }, {
    "name" : "Named Entity tags",
    "typeUiName" : null,
    "description" : "Named Entity annotation",
    "language" : "de",
    "type" : null,
    "type_name" : null,
    "type_description" : null,
    "tags" : [ {
      "tag_name" : "LOC",
      "tag_description" : "Location"
    }, {
      "tag_name" : "LOCderiv",
      "tag_description" : "Location derivative"
    }, {
      "tag_name" : "LOCpart",
      "tag_description" : "Hyphenated part is location"
    }, {
      "tag_name" : "ORG",
      "tag_description" : "Organization"
    }, {
      "tag_name" : "ORGderiv",
      "tag_description" : "Organization derivative"
    }, {
      "tag_name" : "ORGpart",
      "tag_description" : "Hyphenated part is organization"
    }, {
      "tag_name" : "OTH",
      "tag_description" : "Other: Every name that is not a location, person or organisation"
    }, {
      "tag_name" : "OTHderiv",
      "tag_description" : "Other derivative"
    }, {
      "tag_name" : "OTHpart",
      "tag_description" : "Hyphenated part is Other"
    }, {
      "tag_name" : "PER",
      "tag_description" : "Person"
    }, {
      "tag_name" : "PERderiv",
      "tag_description" : "Person derivative"
    }, {
      "tag_name" : "PERpart",
      "tag_description" : "Hyphenated part is person"
    } ],
    "create_tag" : false
  }, {
    "name" : "Operation",
    "typeUiName" : null,
    "description" : "operation to be done with specified in tokenIDs token/tokens in order to correct",
    "language" : "en",
    "type" : null,
    "type_name" : null,
    "type_description" : null,
    "tags" : [ {
      "tag_name" : "delete",
      "tag_description" : "delete"
    }, {
      "tag_name" : "insert_after",
      "tag_description" : "insert after"
    }, {
      "tag_name" : "insert_before",
      "tag_description" : "insert before"
    }, {
      "tag_name" : "replace",
      "tag_description" : "replace"
    } ],
    "create_tag" : true
  }, {
    "name" : "PERTAINS-TO values",
    "typeUiName" : null,
    "description" : null,
    "language" : null,
    "type" : null,
    "type_name" : null,
    "type_description" : null,
    "tags" : [ {
      "tag_name" : "PERTAINS",
      "tag_description" : null
    } ],
    "create_tag" : false
  }, {
    "name" : "TLINK values",
    "typeUiName" : null,
    "description" : null,
    "language" : null,
    "type" : null,
    "type_name" : null,
    "type_description" : null,
    "tags" : [ {
      "tag_name" : "BEFORE",
      "tag_description" : null
    }, {
      "tag_name" : "BEGINS-ON",
      "tag_description" : null
    }, {
      "tag_name" : "CONTAINS",
      "tag_description" : null
    }, {
      "tag_name" : "ENDS-ON",
      "tag_description" : null
    }, {
      "tag_name" : "OVERLAP",
      "tag_description" : null
    }, {
      "tag_name" : "SIMULTANEOUS",
      "tag_description" : null
    } ],
    "create_tag" : true
  }, {
    "name" : "UD Universal Dependencies (v2)",
    "typeUiName" : null,
    "description" : "The idea of universal dependencies is to propose a set of universal grammatical relations which can be used with relative fidelity to capture any dependency relation between words in any language. Each dependency relation should be typed with one of the relations in the table below.\r\n\r\nThe following table lists the 37 universal syntactic relations used in UD v2. It is a revised version of the relations originally described in Universal Stanford Dependencies: A cross-linguistic typology (de Marneffe et al. 2014).\r\n\r\n© 2014-2017 Universal Dependencies contributors.\r\n\r\nSee also: https://universaldependencies.org/u/dep/index.html",
    "language" : "mul",
    "type" : null,
    "type_name" : null,
    "type_description" : null,
    "tags" : [ {
      "tag_name" : "acl",
      "tag_description" : "clausal modifier of noun (adjectival clause)"
    }, {
      "tag_name" : "advcl",
      "tag_description" : "adverbial clause modifier"
    }, {
      "tag_name" : "advmod",
      "tag_description" : "adverbial modifier"
    }, {
      "tag_name" : "amod",
      "tag_description" : "adjectival modifier"
    }, {
      "tag_name" : "appos",
      "tag_description" : "appositional modifier"
    }, {
      "tag_name" : "aux",
      "tag_description" : "auxiliary"
    }, {
      "tag_name" : "case",
      "tag_description" : "case marking"
    }, {
      "tag_name" : "cc",
      "tag_description" : "coordinating conjunction"
    }, {
      "tag_name" : "ccomp",
      "tag_description" : "clausal complement"
    }, {
      "tag_name" : "clf",
      "tag_description" : "classifier"
    }, {
      "tag_name" : "compound",
      "tag_description" : "compound"
    }, {
      "tag_name" : "conj",
      "tag_description" : "conjunct"
    }, {
      "tag_name" : "cop",
      "tag_description" : "copula"
    }, {
      "tag_name" : "csubj",
      "tag_description" : "clausal subject"
    }, {
      "tag_name" : "dep",
      "tag_description" : "unspecified dependency"
    }, {
      "tag_name" : "det",
      "tag_description" : "determiner"
    }, {
      "tag_name" : "discourse",
      "tag_description" : "discourse element"
    }, {
      "tag_name" : "dislocated",
      "tag_description" : "dislocated elements"
    }, {
      "tag_name" : "expl",
      "tag_description" : "expletive"
    }, {
      "tag_name" : "fixed",
      "tag_description" : "fixed multiword expression"
    }, {
      "tag_name" : "flat",
      "tag_description" : "flat multiword expression"
    }, {
      "tag_name" : "goeswith",
      "tag_description" : "goes with"
    }, {
      "tag_name" : "iobj",
      "tag_description" : "indirect object"
    }, {
      "tag_name" : "list",
      "tag_description" : "list"
    }, {
      "tag_name" : "mark",
      "tag_description" : "marker"
    }, {
      "tag_name" : "nmod",
      "tag_description" : "nominal modifier"
    }, {
      "tag_name" : "nsubj",
      "tag_description" : "nominal subject"
    }, {
      "tag_name" : "nummod",
      "tag_description" : "numeric modifier"
    }, {
      "tag_name" : "obj",
      "tag_description" : "object"
    }, {
      "tag_name" : "obl",
      "tag_description" : "oblique nominal"
    }, {
      "tag_name" : "orphan",
      "tag_description" : "orphan"
    }, {
      "tag_name" : "parataxis",
      "tag_description" : "parataxis"
    }, {
      "tag_name" : "punct",
      "tag_description" : "punctuation"
    }, {
      "tag_name" : "reparandum",
      "tag_description" : "overridden disfluency"
    }, {
      "tag_name" : "root",
      "tag_description" : "root"
    }, {
      "tag_name" : "vocative",
      "tag_description" : "vocative"
    }, {
      "tag_name" : "xcomp",
      "tag_description" : "open clausal complement"
    } ],
    "create_tag" : false
  }, {
    "name" : "UD Universal POS tags (v2)",
    "typeUiName" : null,
    "description" : "These tags mark the core part-of-speech categories from the Universal Dependencies project. To distinguish additional lexical and grammatical properties of words, use the universal features.\r\n\r\n© 2017 Universal Dependencies contributors\r\n\r\nSee: https://universaldependencies.org/u/pos/index.html",
    "language" : "mul",
    "type" : null,
    "type_name" : null,
    "type_description" : null,
    "tags" : [ {
      "tag_name" : "ADJ",
      "tag_description" : "adjective"
    }, {
      "tag_name" : "ADP",
      "tag_description" : "adposition"
    }, {
      "tag_name" : "ADV",
      "tag_description" : "adverb"
    }, {
      "tag_name" : "AUX",
      "tag_description" : "auxiliary"
    }, {
      "tag_name" : "CCONJ",
      "tag_description" : "coordinating conjunction"
    }, {
      "tag_name" : "DET",
      "tag_description" : "determiner"
    }, {
      "tag_name" : "INTJ",
      "tag_description" : "interjection"
    }, {
      "tag_name" : "NOUN",
      "tag_description" : "noun"
    }, {
      "tag_name" : "NUM",
      "tag_description" : "numeral"
    }, {
      "tag_name" : "PART",
      "tag_description" : "particle"
    }, {
      "tag_name" : "PRON",
      "tag_description" : "pronoun"
    }, {
      "tag_name" : "PROPN",
      "tag_description" : "proper noun"
    }, {
      "tag_name" : "PUNCT",
      "tag_description" : "punctuation"
    }, {
      "tag_name" : "SCONJ",
      "tag_description" : "subordinating conjunction"
    }, {
      "tag_name" : "SYM",
      "tag_description" : "symbol"
    }, {
      "tag_name" : "VERB",
      "tag_description" : "verb"
    }, {
      "tag_name" : "X",
      "tag_description" : "other"
    } ],
    "create_tag" : false
  }, {
    "name" : "contextualAspect values",
    "typeUiName" : null,
    "description" : null,
    "language" : null,
    "type" : null,
    "type_name" : null,
    "type_description" : null,
    "tags" : [ {
      "tag_name" : "INTERMITTENT",
      "tag_description" : null
    }, {
      "tag_name" : "N/A",
      "tag_description" : null
    }, {
      "tag_name" : "NOVEL",
      "tag_description" : null
    } ],
    "create_tag" : false
  }, {
    "name" : "contextualModality values",
    "typeUiName" : null,
    "description" : null,
    "language" : null,
    "type" : null,
    "type_name" : null,
    "type_description" : null,
    "tags" : [ {
      "tag_name" : "ACTUAL",
      "tag_description" : null
    }, {
      "tag_name" : "GENERIC",
      "tag_description" : null
    }, {
      "tag_name" : "HEDGED",
      "tag_description" : null
    }, {
      "tag_name" : "HYPOTHETICAL-IF",
      "tag_description" : null
    }, {
      "tag_name" : "HYPOTHETICAL-OTHER",
      "tag_description" : null
    } ],
    "create_tag" : false
  }, {
    "name" : "degree values",
    "typeUiName" : null,
    "description" : null,
    "language" : null,
    "type" : null,
    "type_name" : null,
    "type_description" : null,
    "tags" : [ {
      "tag_name" : "LITTLE",
      "tag_description" : null
    }, {
      "tag_name" : "MOST",
      "tag_description" : null
    }, {
      "tag_name" : "N/A",
      "tag_description" : null
    } ],
    "create_tag" : false
  }, {
    "name" : "docTimeRel values",
    "typeUiName" : null,
    "description" : null,
    "language" : null,
    "type" : null,
    "type_name" : null,
    "type_description" : null,
    "tags" : [ {
      "tag_name" : "AFTER",
      "tag_description" : null
    }, {
      "tag_name" : "BEFORE",
      "tag_description" : null
    }, {
      "tag_name" : "CONTAINS",
      "tag_description" : null
    }, {
      "tag_name" : "IS-CONTAINED",
      "tag_description" : null
    }, {
      "tag_name" : "OVERLAP",
      "tag_description" : null
    } ],
    "create_tag" : false
  }, {
    "name" : "eventType value",
    "typeUiName" : null,
    "description" : null,
    "language" : null,
    "type" : null,
    "type_name" : null,
    "type_description" : null,
    "tags" : [ {
      "tag_name" : "ASPECTUAL",
      "tag_description" : null
    }, {
      "tag_name" : "EVIDENTIAL",
      "tag_description" : null
    }, {
      "tag_name" : "N/A",
      "tag_description" : null
    } ],
    "create_tag" : false
  }, {
    "name" : "eventiveValue values",
    "typeUiName" : null,
    "description" : null,
    "language" : null,
    "type" : null,
    "type_name" : null,
    "type_description" : null,
    "tags" : [ {
      "tag_name" : "EVENT",
      "tag_description" : null
    }, {
      "tag_name" : "N/A",
      "tag_description" : null
    } ],
    "create_tag" : false
  }, {
    "name" : "functionInDocument values",
    "typeUiName" : null,
    "description" : null,
    "language" : null,
    "type" : null,
    "type_name" : null,
    "type_description" : null,
    "tags" : [ {
      "tag_name" : "DOCTIME",
      "tag_description" : null
    }, {
      "tag_name" : "NONE",
      "tag_description" : null
    }, {
      "tag_name" : "SECTIONTIME",
      "tag_description" : null
    } ],
    "create_tag" : false
  }, {
    "name" : "language values",
    "typeUiName" : null,
    "description" : null,
    "language" : null,
    "type" : null,
    "type_name" : null,
    "type_description" : null,
    "tags" : [ {
      "tag_name" : "eng",
      "tag_description" : null
    }, {
      "tag_name" : "eus",
      "tag_description" : null
    }, {
      "tag_name" : "fra",
      "tag_description" : null
    }, {
      "tag_name" : "ita",
      "tag_description" : null
    }, {
      "tag_name" : "spa",
      "tag_description" : null
    } ],
    "create_tag" : false
  }, {
    "name" : "permanence values",
    "typeUiName" : null,
    "description" : null,
    "language" : null,
    "type" : null,
    "type_name" : null,
    "type_description" : null,
    "tags" : [ {
      "tag_name" : "FINITE",
      "tag_description" : null
    }, {
      "tag_name" : "PERMANENT",
      "tag_description" : null
    } ],
    "create_tag" : false
  }, {
    "name" : "polarity values",
    "typeUiName" : null,
    "description" : null,
    "language" : null,
    "type" : null,
    "type_name" : null,
    "type_description" : null,
    "tags" : [ {
      "tag_name" : "NEG",
      "tag_description" : null
    }, {
      "tag_name" : "POS",
      "tag_description" : null
    } ],
    "create_tag" : false
  }, {
    "name" : "role values",
    "typeUiName" : null,
    "description" : null,
    "language" : null,
    "type" : null,
    "type_name" : null,
    "type_description" : null,
    "tags" : [ {
      "tag_name" : "H-PROFESSIONAL",
      "tag_description" : null
    }, {
      "tag_name" : "OTHER",
      "tag_description" : null
    }, {
      "tag_name" : "PATIENT",
      "tag_description" : null
    } ],
    "create_tag" : false
  }, {
    "name" : "timex3Class values",
    "typeUiName" : null,
    "description" : null,
    "language" : null,
    "type" : null,
    "type_name" : null,
    "type_description" : null,
    "tags" : [ {
      "tag_name" : "DATE",
      "tag_description" : null
    }, {
      "tag_name" : "DURATION",
      "tag_description" : null
    }, {
      "tag_name" : "PREPOSTEXP",
      "tag_description" : null
    }, {
      "tag_name" : "QUANTIFIER",
      "tag_description" : null
    }, {
      "tag_name" : "SET",
      "tag_description" : null
    }, {
      "tag_name" : "TIME",
      "tag_description" : null
    } ],
    "create_tag" : false
  } ],
  "layers" : [ {
    "name" : "webanno.custom.ACTOR",
    "features" : [ {
      "name" : "age",
      "tag_set" : null,
      "uiName" : "age",
      "type" : "uima.cas.String",
      "enabled" : true,
      "visible" : true,
      "include_in_hover" : false,
      "required" : false,
      "remember" : false,
      "hideUnconstraintFeature" : false,
      "description" : null,
      "project_name" : "E3C_TEMPLATE",
      "multi_value_mode" : "NONE",
      "link_mode" : "NONE",
      "link_type_name" : null,
      "link_type_role_feature_name" : null,
      "link_type_target_feature_name" : null,
      "traits" : null
    }, {
      "name" : "role",
      "tag_set" : {
        "name" : "role values",
        "typeUiName" : null,
        "description" : null,
        "language" : null,
        "type" : null,
        "type_name" : null,
        "type_description" : null,
        "tags" : [ {
          "tag_name" : "H-PROFESSIONAL",
          "tag_description" : null
        }, {
          "tag_name" : "OTHER",
          "tag_description" : null
        }, {
          "tag_name" : "PATIENT",
          "tag_description" : null
        } ],
        "create_tag" : false
      },
      "uiName" : "role",
      "type" : "uima.cas.String",
      "enabled" : true,
      "visible" : true,
      "include_in_hover" : false,
      "required" : true,
      "remember" : false,
      "hideUnconstraintFeature" : false,
      "description" : null,
      "project_name" : "E3C_TEMPLATE",
      "multi_value_mode" : "NONE",
      "link_mode" : "NONE",
      "link_type_name" : null,
      "link_type_role_feature_name" : null,
      "link_type_target_feature_name" : null,
      "traits" : null
    }, {
      "name" : "xtra",
      "tag_set" : null,
      "uiName" : "xtra",
      "type" : "uima.cas.String",
      "enabled" : true,
      "visible" : true,
      "include_in_hover" : false,
      "required" : false,
      "remember" : false,
      "hideUnconstraintFeature" : false,
      "description" : null,
      "project_name" : "E3C_TEMPLATE",
      "multi_value_mode" : "NONE",
      "link_mode" : "NONE",
      "link_type_name" : null,
      "link_type_role_feature_name" : null,
      "link_type_target_feature_name" : null,
      "traits" : null
    } ],
    "uiName" : "ACTOR",
    "type" : "span",
    "description" : null,
    "enabled" : true,
    "built_in" : false,
    "readonly" : false,
    "attach_type" : null,
    "attach_feature" : null,
    "allow_stacking" : false,
    "cross_sentence" : false,
    "show_hover" : true,
    "anchoring_mode" : "TOKENS",
    "overlap_mode" : "NO_OVERLAP",
    "validation_mode" : "ALWAYS",
    "lock_to_token_offset" : false,
    "multiple_tokens" : true,
    "project_name" : "E3C_TEMPLATE",
    "linked_list_behavior" : false,
    "on_click_javascript_action" : null
  }, {
    "name" : "webanno.custom.ANNOT",
    "features" : [ ],
    "uiName" : "ANNOT",
    "type" : "span",
    "description" : null,
    "enabled" : false,
    "built_in" : false,
    "readonly" : false,
    "attach_type" : null,
    "attach_feature" : null,
    "allow_stacking" : false,
    "cross_sentence" : false,
    "show_hover" : true,
    "anchoring_mode" : "TOKENS",
    "overlap_mode" : "NO_OVERLAP",
    "validation_mode" : "ALWAYS",
    "lock_to_token_offset" : false,
    "multiple_tokens" : true,
    "project_name" : "E3C_TEMPLATE",
    "linked_list_behavior" : false,
    "on_click_javascript_action" : null
  }, {
    "name" : "webanno.custom.BODYPART",
    "features" : [ {
      "name" : "eventiveValue",
      "tag_set" : {
        "name" : "eventiveValue values",
        "typeUiName" : null,
        "description" : null,
        "language" : null,
        "type" : null,
        "type_name" : null,
        "type_description" : null,
        "tags" : [ {
          "tag_name" : "EVENT",
          "tag_description" : null
        }, {
          "tag_name" : "N/A",
          "tag_description" : null
        } ],
        "create_tag" : false
      },
      "uiName" : "eventiveValue",
      "type" : "uima.cas.String",
      "enabled" : true,
      "visible" : true,
      "include_in_hover" : false,
      "required" : true,
      "remember" : true,
      "hideUnconstraintFeature" : false,
      "description" : null,
      "project_name" : "E3C_TEMPLATE",
      "multi_value_mode" : "NONE",
      "link_mode" : "NONE",
      "link_type_name" : null,
      "link_type_role_feature_name" : null,
      "link_type_target_feature_name" : null,
      "traits" : null
    }, {
      "name" : "xtra",
      "tag_set" : null,
      "uiName" : "xtra",
      "type" : "uima.cas.String",
      "enabled" : true,
      "visible" : true,
      "include_in_hover" : false,
      "required" : false,
      "remember" : false,
      "hideUnconstraintFeature" : false,
      "description" : null,
      "project_name" : "E3C_TEMPLATE",
      "multi_value_mode" : "NONE",
      "link_mode" : "NONE",
      "link_type_name" : null,
      "link_type_role_feature_name" : null,
      "link_type_target_feature_name" : null,
      "traits" : null
    } ],
    "uiName" : "BODYPART",
    "type" : "span",
    "description" : null,
    "enabled" : true,
    "built_in" : false,
    "readonly" : false,
    "attach_type" : null,
    "attach_feature" : null,
    "allow_stacking" : false,
    "cross_sentence" : false,
    "show_hover" : true,
    "anchoring_mode" : "TOKENS",
    "overlap_mode" : "NO_OVERLAP",
    "validation_mode" : "ALWAYS",
    "lock_to_token_offset" : false,
    "multiple_tokens" : true,
    "project_name" : "E3C_TEMPLATE",
    "linked_list_behavior" : false,
    "on_click_javascript_action" : null
  }, {
    "name" : "webanno.custom.CLINENTITY",
    "features" : [ {
      "name" : "discontinuous",
      "tag_set" : {
        "name" : "Discontinuous values",
        "typeUiName" : null,
        "description" : null,
        "language" : null,
        "type" : null,
        "type_name" : null,
        "type_description" : null,
        "tags" : [ {
          "tag_name" : "C0000737",
          "tag_description" : null
        }, {
          "tag_name" : "C0018801",
          "tag_description" : null
        }, {
          "tag_name" : "C0019554",
          "tag_description" : null
        }, {
          "tag_name" : "C0029927",
          "tag_description" : null
        }, {
          "tag_name" : "C0031350",
          "tag_description" : null
        }, {
          "tag_name" : "C0034065",
          "tag_description" : null
        }, {
          "tag_name" : "C0271801",
          "tag_description" : null
        }, {
          "tag_name" : "C0333062",
          "tag_description" : null
        }, {
          "tag_name" : "C0476270",
          "tag_description" : null
        }, {
          "tag_name" : "C1336770",
          "tag_description" : null
        }, {
          "tag_name" : "C2126130",
          "tag_description" : null
        }, {
          "tag_name" : "C3887784",
          "tag_description" : null
        }, {
          "tag_name" : "C4281741",
          "tag_description" : null
        }, {
          "tag_name" : "C4551583",
          "tag_description" : null
        }, {
          "tag_name" : "DISCONTINUOUS",
          "tag_description" : null
        }, {
          "tag_name" : "ai",
          "tag_description" : null
        } ],
        "create_tag" : true
      },
      "uiName" : "discontinuous",
      "type" : "uima.cas.String",
      "enabled" : true,
      "visible" : true,
      "include_in_hover" : false,
      "required" : false,
      "remember" : false,
      "hideUnconstraintFeature" : false,
      "description" : null,
      "project_name" : "E3C_TEMPLATE",
      "multi_value_mode" : "NONE",
      "link_mode" : "NONE",
      "link_type_name" : null,
      "link_type_role_feature_name" : null,
      "link_type_target_feature_name" : null,
      "traits" : null
    }, {
      "name" : "entityID",
      "tag_set" : null,
      "uiName" : "entityID",
      "type" : "uima.cas.String",
      "enabled" : true,
      "visible" : true,
      "include_in_hover" : false,
      "required" : false,
      "remember" : false,
      "hideUnconstraintFeature" : false,
      "description" : null,
      "project_name" : "E3C_TEMPLATE",
      "multi_value_mode" : "NONE",
      "link_mode" : "NONE",
      "link_type_name" : null,
      "link_type_role_feature_name" : null,
      "link_type_target_feature_name" : null,
      "traits" : null
    }, {
      "name" : "xtra",
      "tag_set" : null,
      "uiName" : "xtra",
      "type" : "uima.cas.String",
      "enabled" : true,
      "visible" : true,
      "include_in_hover" : false,
      "required" : false,
      "remember" : false,
      "hideUnconstraintFeature" : false,
      "description" : null,
      "project_name" : "E3C_TEMPLATE",
      "multi_value_mode" : "NONE",
      "link_mode" : "NONE",
      "link_type_name" : null,
      "link_type_role_feature_name" : null,
      "link_type_target_feature_name" : null,
      "traits" : null
    } ],
    "uiName" : "CLINENTITY",
    "type" : "span",
    "description" : null,
    "enabled" : true,
    "built_in" : false,
    "readonly" : false,
    "attach_type" : null,
    "attach_feature" : null,
    "allow_stacking" : true,
    "cross_sentence" : false,
    "show_hover" : true,
    "anchoring_mode" : "TOKENS",
    "overlap_mode" : "ANY_OVERLAP",
    "validation_mode" : "ALWAYS",
    "lock_to_token_offset" : false,
    "multiple_tokens" : true,
    "project_name" : "E3C_TEMPLATE",
    "linked_list_behavior" : false,
    "on_click_javascript_action" : null
  }, {
    "name" : "de.tudarmstadt.ukp.dkpro.core.api.syntax.type.chunk.Chunk",
    "features" : [ {
      "name" : "chunkValue",
      "tag_set" : null,
      "uiName" : "Tag",
      "type" : "uima.cas.String",
      "enabled" : true,
      "visible" : true,
      "include_in_hover" : false,
      "required" : false,
      "remember" : false,
      "hideUnconstraintFeature" : false,
      "description" : "Chunk tag",
      "project_name" : "E3C_TEMPLATE",
      "multi_value_mode" : "NONE",
      "link_mode" : "NONE",
      "link_type_name" : null,
      "link_type_role_feature_name" : null,
      "link_type_target_feature_name" : null,
      "traits" : null
    } ],
    "uiName" : "Chunk",
    "type" : "span",
    "description" : null,
    "enabled" : false,
    "built_in" : true,
    "readonly" : false,
    "attach_type" : null,
    "attach_feature" : null,
    "allow_stacking" : false,
    "cross_sentence" : false,
    "show_hover" : true,
    "anchoring_mode" : "TOKENS",
    "overlap_mode" : "NO_OVERLAP",
    "validation_mode" : "ALWAYS",
    "lock_to_token_offset" : false,
    "multiple_tokens" : true,
    "project_name" : "E3C_TEMPLATE",
    "linked_list_behavior" : false,
    "on_click_javascript_action" : null
  }, {
    "name" : "de.tudarmstadt.ukp.dkpro.core.api.coref.type.Coreference",
    "features" : [ {
      "name" : "referenceRelation",
      "tag_set" : {
        "name" : "Coreference relations",
        "typeUiName" : null,
        "description" : "coreference relation annotation",
        "language" : "de",
        "type" : null,
        "type_name" : null,
        "type_description" : null,
        "tags" : [ {
          "tag_name" : "anaphoric",
          "tag_description" : "anaphoric"
        } ],
        "create_tag" : false
      },
      "uiName" : "referenceRelation",
      "type" : "uima.cas.String",
      "enabled" : true,
      "visible" : true,
      "include_in_hover" : false,
      "required" : false,
      "remember" : false,
      "hideUnconstraintFeature" : false,
      "description" : "Coreference relation",
      "project_name" : "E3C_TEMPLATE",
      "multi_value_mode" : "NONE",
      "link_mode" : "NONE",
      "link_type_name" : null,
      "link_type_role_feature_name" : null,
      "link_type_target_feature_name" : null,
      "traits" : null
    }, {
      "name" : "referenceType",
      "tag_set" : {
        "name" : "Coreference mentions",
        "typeUiName" : null,
        "description" : "coreference type annotation",
        "language" : "de",
        "type" : null,
        "type_name" : null,
        "type_description" : null,
        "tags" : [ {
          "tag_name" : "nam",
          "tag_description" : "nam"
        } ],
        "create_tag" : false
      },
      "uiName" : "referenceType",
      "type" : "uima.cas.String",
      "enabled" : true,
      "visible" : true,
      "include_in_hover" : false,
      "required" : false,
      "remember" : false,
      "hideUnconstraintFeature" : false,
      "description" : "Coreference type",
      "project_name" : "E3C_TEMPLATE",
      "multi_value_mode" : "NONE",
      "link_mode" : "NONE",
      "link_type_name" : null,
      "link_type_role_feature_name" : null,
      "link_type_target_feature_name" : null,
      "traits" : null
    } ],
    "uiName" : "Coreference",
    "type" : "chain",
    "description" : null,
    "enabled" : false,
    "built_in" : true,
    "readonly" : false,
    "attach_type" : null,
    "attach_feature" : null,
    "allow_stacking" : true,
    "cross_sentence" : true,
    "show_hover" : true,
    "anchoring_mode" : "TOKENS",
    "overlap_mode" : "ANY_OVERLAP",
    "validation_mode" : "ALWAYS",
    "lock_to_token_offset" : false,
    "multiple_tokens" : true,
    "project_name" : "E3C_TEMPLATE",
    "linked_list_behavior" : false,
    "on_click_javascript_action" : null
  }, {
    "name" : "de.tudarmstadt.ukp.dkpro.core.api.syntax.type.dependency.Dependency",
    "features" : [ {
      "name" : "flavor",
      "tag_set" : {
        "name" : "Dependency flavors",
        "typeUiName" : null,
        "description" : "Dependency flavors",
        "language" : "mul",
        "type" : null,
        "type_name" : null,
        "type_description" : null,
        "tags" : [ {
          "tag_name" : "basic",
          "tag_description" : "basic"
        }, {
          "tag_name" : "enhanced",
          "tag_description" : "enhanced"
        } ],
        "create_tag" : true
      },
      "uiName" : "Flavor",
      "type" : "uima.cas.String",
      "enabled" : true,
      "visible" : true,
      "include_in_hover" : false,
      "required" : false,
      "remember" : false,
      "hideUnconstraintFeature" : false,
      "description" : "Dependency relation",
      "project_name" : "E3C_TEMPLATE",
      "multi_value_mode" : "NONE",
      "link_mode" : "NONE",
      "link_type_name" : null,
      "link_type_role_feature_name" : null,
      "link_type_target_feature_name" : null,
      "traits" : null
    }, {
      "name" : "DependencyType",
      "tag_set" : {
        "name" : "UD Universal Dependencies (v2)",
        "typeUiName" : null,
        "description" : "The idea of universal dependencies is to propose a set of universal grammatical relations which can be used with relative fidelity to capture any dependency relation between words in any language. Each dependency relation should be typed with one of the relations in the table below.\r\n\r\nThe following table lists the 37 universal syntactic relations used in UD v2. It is a revised version of the relations originally described in Universal Stanford Dependencies: A cross-linguistic typology (de Marneffe et al. 2014).\r\n\r\n© 2014-2017 Universal Dependencies contributors.\r\n\r\nSee also: https://universaldependencies.org/u/dep/index.html",
        "language" : "mul",
        "type" : null,
        "type_name" : null,
        "type_description" : null,
        "tags" : [ {
          "tag_name" : "acl",
          "tag_description" : "clausal modifier of noun (adjectival clause)"
        }, {
          "tag_name" : "advcl",
          "tag_description" : "adverbial clause modifier"
        }, {
          "tag_name" : "advmod",
          "tag_description" : "adverbial modifier"
        }, {
          "tag_name" : "amod",
          "tag_description" : "adjectival modifier"
        }, {
          "tag_name" : "appos",
          "tag_description" : "appositional modifier"
        }, {
          "tag_name" : "aux",
          "tag_description" : "auxiliary"
        }, {
          "tag_name" : "case",
          "tag_description" : "case marking"
        }, {
          "tag_name" : "cc",
          "tag_description" : "coordinating conjunction"
        }, {
          "tag_name" : "ccomp",
          "tag_description" : "clausal complement"
        }, {
          "tag_name" : "clf",
          "tag_description" : "classifier"
        }, {
          "tag_name" : "compound",
          "tag_description" : "compound"
        }, {
          "tag_name" : "conj",
          "tag_description" : "conjunct"
        }, {
          "tag_name" : "cop",
          "tag_description" : "copula"
        }, {
          "tag_name" : "csubj",
          "tag_description" : "clausal subject"
        }, {
          "tag_name" : "dep",
          "tag_description" : "unspecified dependency"
        }, {
          "tag_name" : "det",
          "tag_description" : "determiner"
        }, {
          "tag_name" : "discourse",
          "tag_description" : "discourse element"
        }, {
          "tag_name" : "dislocated",
          "tag_description" : "dislocated elements"
        }, {
          "tag_name" : "expl",
          "tag_description" : "expletive"
        }, {
          "tag_name" : "fixed",
          "tag_description" : "fixed multiword expression"
        }, {
          "tag_name" : "flat",
          "tag_description" : "flat multiword expression"
        }, {
          "tag_name" : "goeswith",
          "tag_description" : "goes with"
        }, {
          "tag_name" : "iobj",
          "tag_description" : "indirect object"
        }, {
          "tag_name" : "list",
          "tag_description" : "list"
        }, {
          "tag_name" : "mark",
          "tag_description" : "marker"
        }, {
          "tag_name" : "nmod",
          "tag_description" : "nominal modifier"
        }, {
          "tag_name" : "nsubj",
          "tag_description" : "nominal subject"
        }, {
          "tag_name" : "nummod",
          "tag_description" : "numeric modifier"
        }, {
          "tag_name" : "obj",
          "tag_description" : "object"
        }, {
          "tag_name" : "obl",
          "tag_description" : "oblique nominal"
        }, {
          "tag_name" : "orphan",
          "tag_description" : "orphan"
        }, {
          "tag_name" : "parataxis",
          "tag_description" : "parataxis"
        }, {
          "tag_name" : "punct",
          "tag_description" : "punctuation"
        }, {
          "tag_name" : "reparandum",
          "tag_description" : "overridden disfluency"
        }, {
          "tag_name" : "root",
          "tag_description" : "root"
        }, {
          "tag_name" : "vocative",
          "tag_description" : "vocative"
        }, {
          "tag_name" : "xcomp",
          "tag_description" : "open clausal complement"
        } ],
        "create_tag" : false
      },
      "uiName" : "Relation",
      "type" : "uima.cas.String",
      "enabled" : true,
      "visible" : true,
      "include_in_hover" : false,
      "required" : false,
      "remember" : false,
      "hideUnconstraintFeature" : false,
      "description" : "Dependency relation",
      "project_name" : "E3C_TEMPLATE",
      "multi_value_mode" : "NONE",
      "link_mode" : "NONE",
      "link_type_name" : null,
      "link_type_role_feature_name" : null,
      "link_type_target_feature_name" : null,
      "traits" : null
    } ],
    "uiName" : "Dependency",
    "type" : "relation",
    "description" : null,
    "enabled" : false,
    "built_in" : true,
    "readonly" : false,
    "attach_type" : {
      "name" : "de.tudarmstadt.ukp.dkpro.core.api.segmentation.type.Token"
    },
    "attach_feature" : {
      "name" : "pos",
      "layer" : "de.tudarmstadt.ukp.dkpro.core.api.segmentation.type.Token"
    },
    "allow_stacking" : false,
    "cross_sentence" : false,
    "show_hover" : true,
    "anchoring_mode" : "SINGLE_TOKEN",
    "overlap_mode" : "OVERLAP_ONLY",
    "validation_mode" : "ALWAYS",
    "lock_to_token_offset" : true,
    "multiple_tokens" : false,
    "project_name" : "E3C_TEMPLATE",
    "linked_list_behavior" : false,
    "on_click_javascript_action" : null
  }, {
    "name" : "webanno.custom.EVENT",
    "features" : [ {
      "name" : "ALINK",
      "tag_set" : {
        "name" : "ALINK values",
        "typeUiName" : null,
        "description" : null,
        "language" : null,
        "type" : null,
        "type_name" : null,
        "type_description" : null,
        "tags" : [ {
          "tag_name" : "CONTINUES",
          "tag_description" : null
        }, {
          "tag_name" : "INITIATES",
          "tag_description" : null
        }, {
          "tag_name" : "REINITIATES",
          "tag_description" : null
        }, {
          "tag_name" : "TERMINATES",
          "tag_description" : null
        } ],
        "create_tag" : false
      },
      "uiName" : "ALINK",
      "type" : "webanno.custom.EVENT",
      "enabled" : true,
      "visible" : true,
      "include_in_hover" : false,
      "required" : false,
      "remember" : false,
      "hideUnconstraintFeature" : false,
      "description" : null,
      "project_name" : "E3C_TEMPLATE",
      "multi_value_mode" : "ARRAY",
      "link_mode" : "WITH_ROLE",
      "link_type_name" : "webanno.custom.EVENTALINKLink",
      "link_type_role_feature_name" : "role",
      "link_type_target_feature_name" : "target",
      "traits" : "{\"defaultSlots\":[]}"
    }, {
      "name" : "TLINK",
      "tag_set" : {
        "name" : "TLINK values",
        "typeUiName" : null,
        "description" : null,
        "language" : null,
        "type" : null,
        "type_name" : null,
        "type_description" : null,
        "tags" : [ {
          "tag_name" : "BEFORE",
          "tag_description" : null
        }, {
          "tag_name" : "BEGINS-ON",
          "tag_description" : null
        }, {
          "tag_name" : "CONTAINS",
          "tag_description" : null
        }, {
          "tag_name" : "ENDS-ON",
          "tag_description" : null
        }, {
          "tag_name" : "OVERLAP",
          "tag_description" : null
        }, {
          "tag_name" : "SIMULTANEOUS",
          "tag_description" : null
        } ],
        "create_tag" : true
      },
      "uiName" : "TLINK",
      "type" : "uima.tcas.Annotation",
      "enabled" : true,
      "visible" : true,
      "include_in_hover" : false,
      "required" : false,
      "remember" : false,
      "hideUnconstraintFeature" : false,
      "description" : null,
      "project_name" : "E3C_TEMPLATE",
      "multi_value_mode" : "ARRAY",
      "link_mode" : "WITH_ROLE",
      "link_type_name" : "webanno.custom.EVENTTLINKLink",
      "link_type_role_feature_name" : "role",
      "link_type_target_feature_name" : "target",
      "traits" : "{\"defaultSlots\":[]}"
    }, {
      "name" : "contextualAspect",
      "tag_set" : {
        "name" : "contextualAspect values",
        "typeUiName" : null,
        "description" : null,
        "language" : null,
        "type" : null,
        "type_name" : null,
        "type_description" : null,
        "tags" : [ {
          "tag_name" : "INTERMITTENT",
          "tag_description" : null
        }, {
          "tag_name" : "N/A",
          "tag_description" : null
        }, {
          "tag_name" : "NOVEL",
          "tag_description" : null
        } ],
        "create_tag" : false
      },
      "uiName" : "contextualAspect",
      "type" : "uima.cas.String",
      "enabled" : true,
      "visible" : true,
      "include_in_hover" : false,
      "required" : true,
      "remember" : true,
      "hideUnconstraintFeature" : false,
      "description" : null,
      "project_name" : "E3C_TEMPLATE",
      "multi_value_mode" : "NONE",
      "link_mode" : "NONE",
      "link_type_name" : null,
      "link_type_role_feature_name" : null,
      "link_type_target_feature_name" : null,
      "traits" : null
    }, {
      "name" : "contextualModality",
      "tag_set" : {
        "name" : "contextualModality values",
        "typeUiName" : null,
        "description" : null,
        "language" : null,
        "type" : null,
        "type_name" : null,
        "type_description" : null,
        "tags" : [ {
          "tag_name" : "ACTUAL",
          "tag_description" : null
        }, {
          "tag_name" : "GENERIC",
          "tag_description" : null
        }, {
          "tag_name" : "HEDGED",
          "tag_description" : null
        }, {
          "tag_name" : "HYPOTHETICAL-IF",
          "tag_description" : null
        }, {
          "tag_name" : "HYPOTHETICAL-OTHER",
          "tag_description" : null
        } ],
        "create_tag" : false
      },
      "uiName" : "contextualModality",
      "type" : "uima.cas.String",
      "enabled" : true,
      "visible" : true,
      "include_in_hover" : false,
      "required" : true,
      "remember" : true,
      "hideUnconstraintFeature" : false,
      "description" : null,
      "project_name" : "E3C_TEMPLATE",
      "multi_value_mode" : "NONE",
      "link_mode" : "NONE",
      "link_type_name" : null,
      "link_type_role_feature_name" : null,
      "link_type_target_feature_name" : null,
      "traits" : null
    }, {
      "name" : "degree",
      "tag_set" : {
        "name" : "degree values",
        "typeUiName" : null,
        "description" : null,
        "language" : null,
        "type" : null,
        "type_name" : null,
        "type_description" : null,
        "tags" : [ {
          "tag_name" : "LITTLE",
          "tag_description" : null
        }, {
          "tag_name" : "MOST",
          "tag_description" : null
        }, {
          "tag_name" : "N/A",
          "tag_description" : null
        } ],
        "create_tag" : false
      },
      "uiName" : "degree",
      "type" : "uima.cas.String",
      "enabled" : true,
      "visible" : true,
      "include_in_hover" : false,
      "required" : true,
      "remember" : true,
      "hideUnconstraintFeature" : false,
      "description" : null,
      "project_name" : "E3C_TEMPLATE",
      "multi_value_mode" : "NONE",
      "link_mode" : "NONE",
      "link_type_name" : null,
      "link_type_role_feature_name" : null,
      "link_type_target_feature_name" : null,
      "traits" : null
    }, {
      "name" : "docTimeRel",
      "tag_set" : {
        "name" : "docTimeRel values",
        "typeUiName" : null,
        "description" : null,
        "language" : null,
        "type" : null,
        "type_name" : null,
        "type_description" : null,
        "tags" : [ {
          "tag_name" : "AFTER",
          "tag_description" : null
        }, {
          "tag_name" : "BEFORE",
          "tag_description" : null
        }, {
          "tag_name" : "CONTAINS",
          "tag_description" : null
        }, {
          "tag_name" : "IS-CONTAINED",
          "tag_description" : null
        }, {
          "tag_name" : "OVERLAP",
          "tag_description" : null
        } ],
        "create_tag" : false
      },
      "uiName" : "docTimeRel",
      "type" : "uima.cas.String",
      "enabled" : true,
      "visible" : true,
      "include_in_hover" : false,
      "required" : true,
      "remember" : true,
      "hideUnconstraintFeature" : false,
      "description" : null,
      "project_name" : "E3C_TEMPLATE",
      "multi_value_mode" : "NONE",
      "link_mode" : "NONE",
      "link_type_name" : null,
      "link_type_role_feature_name" : null,
      "link_type_target_feature_name" : null,
      "traits" : null
    }, {
      "name" : "eventType",
      "tag_set" : {
        "name" : "eventType value",
        "typeUiName" : null,
        "description" : null,
        "language" : null,
        "type" : null,
        "type_name" : null,
        "type_description" : null,
        "tags" : [ {
          "tag_name" : "ASPECTUAL",
          "tag_description" : null
        }, {
          "tag_name" : "EVIDENTIAL",
          "tag_description" : null
        }, {
          "tag_name" : "N/A",
          "tag_description" : null
        } ],
        "create_tag" : false
      },
      "uiName" : "eventType",
      "type" : "uima.cas.String",
      "enabled" : true,
      "visible" : true,
      "include_in_hover" : false,
      "required" : true,
      "remember" : true,
      "hideUnconstraintFeature" : false,
      "description" : null,
      "project_name" : "E3C_TEMPLATE",
      "multi_value_mode" : "NONE",
      "link_mode" : "NONE",
      "link_type_name" : null,
      "link_type_role_feature_name" : null,
      "link_type_target_feature_name" : null,
      "traits" : null
    }, {
      "name" : "medEntID",
      "tag_set" : null,
      "uiName" : "medEntID",
      "type" : "uima.cas.String",
      "enabled" : true,
      "visible" : false,
      "include_in_hover" : false,
      "required" : false,
      "remember" : false,
      "hideUnconstraintFeature" : false,
      "description" : null,
      "project_name" : "E3C_TEMPLATE",
      "multi_value_mode" : "NONE",
      "link_mode" : "NONE",
      "link_type_name" : null,
      "link_type_role_feature_name" : null,
      "link_type_target_feature_name" : null,
      "traits" : null
    }, {
      "name" : "permanence",
      "tag_set" : {
        "name" : "permanence values",
        "typeUiName" : null,
        "description" : null,
        "language" : null,
        "type" : null,
        "type_name" : null,
        "type_description" : null,
        "tags" : [ {
          "tag_name" : "FINITE",
          "tag_description" : null
        }, {
          "tag_name" : "PERMANENT",
          "tag_description" : null
        } ],
        "create_tag" : false
      },
      "uiName" : "permanence",
      "type" : "uima.cas.String",
      "enabled" : true,
      "visible" : false,
      "include_in_hover" : false,
      "required" : false,
      "remember" : true,
      "hideUnconstraintFeature" : false,
      "description" : null,
      "project_name" : "E3C_TEMPLATE",
      "multi_value_mode" : "NONE",
      "link_mode" : "NONE",
      "link_type_name" : null,
      "link_type_role_feature_name" : null,
      "link_type_target_feature_name" : null,
      "traits" : null
    }, {
      "name" : "polarity",
      "tag_set" : {
        "name" : "polarity values",
        "typeUiName" : null,
        "description" : null,
        "language" : null,
        "type" : null,
        "type_name" : null,
        "type_description" : null,
        "tags" : [ {
          "tag_name" : "NEG",
          "tag_description" : null
        }, {
          "tag_name" : "POS",
          "tag_description" : null
        } ],
        "create_tag" : false
      },
      "uiName" : "polarity",
      "type" : "uima.cas.String",
      "enabled" : true,
      "visible" : true,
      "include_in_hover" : false,
      "required" : true,
      "remember" : true,
      "hideUnconstraintFeature" : false,
      "description" : null,
      "project_name" : "E3C_TEMPLATE",
      "multi_value_mode" : "NONE",
      "link_mode" : "NONE",
      "link_type_name" : null,
      "link_type_role_feature_name" : null,
      "link_type_target_feature_name" : null,
      "traits" : null
    }, {
      "name" : "xtra",
      "tag_set" : null,
      "uiName" : "xtra",
      "type" : "uima.cas.String",
      "enabled" : true,
      "visible" : true,
      "include_in_hover" : false,
      "required" : false,
      "remember" : false,
      "hideUnconstraintFeature" : false,
      "description" : null,
      "project_name" : "E3C_TEMPLATE",
      "multi_value_mode" : "NONE",
      "link_mode" : "NONE",
      "link_type_name" : null,
      "link_type_role_feature_name" : null,
      "link_type_target_feature_name" : null,
      "traits" : null
    } ],
    "uiName" : "EVENT",
    "type" : "span",
    "description" : null,
    "enabled" : true,
    "built_in" : false,
    "readonly" : false,
    "attach_type" : null,
    "attach_feature" : null,
    "allow_stacking" : false,
    "cross_sentence" : false,
    "show_hover" : true,
    "anchoring_mode" : "TOKENS",
    "overlap_mode" : "NO_OVERLAP",
    "validation_mode" : "ALWAYS",
    "lock_to_token_offset" : false,
    "multiple_tokens" : true,
    "project_name" : "E3C_TEMPLATE",
    "linked_list_behavior" : false,
    "on_click_javascript_action" : null
  }, {
    "name" : "de.tudarmstadt.ukp.dkpro.core.api.segmentation.type.Lemma",
    "features" : [ {
      "name" : "value",
      "tag_set" : null,
      "uiName" : "Lemma",
      "type" : "uima.cas.String",
      "enabled" : true,
      "visible" : true,
      "include_in_hover" : false,
      "required" : false,
      "remember" : false,
      "hideUnconstraintFeature" : false,
      "description" : "lemma Annotation",
      "project_name" : "E3C_TEMPLATE",
      "multi_value_mode" : "NONE",
      "link_mode" : "NONE",
      "link_type_name" : null,
      "link_type_role_feature_name" : null,
      "link_type_target_feature_name" : null,
      "traits" : null
    } ],
    "uiName" : "Lemma",
    "type" : "span",
    "description" : null,
    "enabled" : false,
    "built_in" : true,
    "readonly" : false,
    "attach_type" : {
      "name" : "de.tudarmstadt.ukp.dkpro.core.api.segmentation.type.Token"
    },
    "attach_feature" : {
      "name" : "lemma",
      "layer" : "de.tudarmstadt.ukp.dkpro.core.api.segmentation.type.Token"
    },
    "allow_stacking" : false,
    "cross_sentence" : false,
    "show_hover" : true,
    "anchoring_mode" : "SINGLE_TOKEN",
    "overlap_mode" : "NO_OVERLAP",
    "validation_mode" : "ALWAYS",
    "lock_to_token_offset" : true,
    "multiple_tokens" : false,
    "project_name" : "E3C_TEMPLATE",
    "linked_list_behavior" : false,
    "on_click_javascript_action" : null
  }, {
    "name" : "webanno.custom.METADATA",
    "features" : [ {
      "name" : "docAuthor",
      "tag_set" : null,
      "uiName" : "docAuthor",
      "type" : "uima.cas.String",
      "enabled" : true,
      "visible" : false,
      "include_in_hover" : false,
      "required" : false,
      "remember" : false,
      "hideUnconstraintFeature" : false,
      "description" : null,
      "project_name" : "E3C_TEMPLATE",
      "multi_value_mode" : "NONE",
      "link_mode" : "NONE",
      "link_type_name" : null,
      "link_type_role_feature_name" : null,
      "link_type_target_feature_name" : null,
      "traits" : null
    }, {
      "name" : "docDOI",
      "tag_set" : null,
      "uiName" : "docDOI",
      "type" : "uima.cas.String",
      "enabled" : true,
      "visible" : false,
      "include_in_hover" : false,
      "required" : false,
      "remember" : false,
      "hideUnconstraintFeature" : false,
      "description" : null,
      "project_name" : "E3C_TEMPLATE",
      "multi_value_mode" : "NONE",
      "link_mode" : "NONE",
      "link_type_name" : null,
      "link_type_role_feature_name" : null,
      "link_type_target_feature_name" : null,
      "traits" : null
    }, {
      "name" : "docLanguage",
      "tag_set" : null,
      "uiName" : "docLanguage",
      "type" : "uima.cas.String",
      "enabled" : true,
      "visible" : false,
      "include_in_hover" : false,
      "required" : false,
      "remember" : false,
      "hideUnconstraintFeature" : false,
      "description" : null,
      "project_name" : "E3C_TEMPLATE",
      "multi_value_mode" : "NONE",
      "link_mode" : "NONE",
      "link_type_name" : null,
      "link_type_role_feature_name" : null,
      "link_type_target_feature_name" : null,
      "traits" : null
    }, {
      "name" : "docLicense",
      "tag_set" : null,
      "uiName" : "docLicense",
      "type" : "uima.cas.String",
      "enabled" : true,
      "visible" : false,
      "include_in_hover" : false,
      "required" : false,
      "remember" : false,
      "hideUnconstraintFeature" : false,
      "description" : null,
      "project_name" : "E3C_TEMPLATE",
      "multi_value_mode" : "NONE",
      "link_mode" : "NONE",
      "link_type_name" : null,
      "link_type_role_feature_name" : null,
      "link_type_target_feature_name" : null,
      "traits" : null
    }, {
      "name" : "docName",
      "tag_set" : null,
      "uiName" : "docName",
      "type" : "uima.cas.String",
      "enabled" : true,
      "visible" : false,
      "include_in_hover" : false,
      "required" : false,
      "remember" : false,
      "hideUnconstraintFeature" : false,
      "description" : null,
      "project_name" : "E3C_TEMPLATE",
      "multi_value_mode" : "NONE",
      "link_mode" : "NONE",
      "link_type_name" : null,
      "link_type_role_feature_name" : null,
      "link_type_target_feature_name" : null,
      "traits" : null
    }, {
      "name" : "docSource",
      "tag_set" : null,
      "uiName" : "docSource",
      "type" : "uima.cas.String",
      "enabled" : true,
      "visible" : true,
      "include_in_hover" : false,
      "required" : false,
      "remember" : false,
      "hideUnconstraintFeature" : false,
      "description" : null,
      "project_name" : "E3C_TEMPLATE",
      "multi_value_mode" : "NONE",
      "link_mode" : "NONE",
      "link_type_name" : null,
      "link_type_role_feature_name" : null,
      "link_type_target_feature_name" : null,
      "traits" : null
    }, {
      "name" : "docSourceUrl",
      "tag_set" : null,
      "uiName" : "docSourceUrl",
      "type" : "uima.cas.String",
      "enabled" : true,
      "visible" : false,
      "include_in_hover" : false,
      "required" : false,
      "remember" : false,
      "hideUnconstraintFeature" : false,
      "description" : null,
      "project_name" : "E3C_TEMPLATE",
      "multi_value_mode" : "NONE",
      "link_mode" : "NONE",
      "link_type_name" : null,
      "link_type_role_feature_name" : null,
      "link_type_target_feature_name" : null,
      "traits" : null
    }, {
      "name" : "docTime",
      "tag_set" : null,
      "uiName" : "docTime",
      "type" : "uima.cas.String",
      "enabled" : true,
      "visible" : true,
      "include_in_hover" : false,
      "required" : false,
      "remember" : false,
      "hideUnconstraintFeature" : false,
      "description" : null,
      "project_name" : "E3C_TEMPLATE",
      "multi_value_mode" : "NONE",
      "link_mode" : "NONE",
      "link_type_name" : null,
      "link_type_role_feature_name" : null,
      "link_type_target_feature_name" : null,
      "traits" : null
    }, {
      "name" : "docUrl",
      "tag_set" : null,
      "uiName" : "docUrl",
      "type" : "uima.cas.String",
      "enabled" : true,
      "visible" : false,
      "include_in_hover" : false,
      "required" : false,
      "remember" : false,
      "hideUnconstraintFeature" : false,
      "description" : null,
      "project_name" : "E3C_TEMPLATE",
      "multi_value_mode" : "NONE",
      "link_mode" : "NONE",
      "link_type_name" : null,
      "link_type_role_feature_name" : null,
      "link_type_target_feature_name" : null,
      "traits" : null
    }, {
      "name" : "note",
      "tag_set" : null,
      "uiName" : "note",
      "type" : "uima.cas.String",
      "enabled" : true,
      "visible" : false,
      "include_in_hover" : false,
      "required" : false,
      "remember" : false,
      "hideUnconstraintFeature" : false,
      "description" : null,
      "project_name" : "E3C_TEMPLATE",
      "multi_value_mode" : "NONE",
      "link_mode" : "NONE",
      "link_type_name" : null,
      "link_type_role_feature_name" : null,
      "link_type_target_feature_name" : null,
      "traits" : null
    }, {
      "name" : "pubType",
      "tag_set" : null,
      "uiName" : "pubType",
      "type" : "uima.cas.String",
      "enabled" : true,
      "visible" : false,
      "include_in_hover" : false,
      "required" : false,
      "remember" : false,
      "hideUnconstraintFeature" : false,
      "description" : null,
      "project_name" : "E3C_TEMPLATE",
      "multi_value_mode" : "NONE",
      "link_mode" : "NONE",
      "link_type_name" : null,
      "link_type_role_feature_name" : null,
      "link_type_target_feature_name" : null,
      "traits" : null
    } ],
    "uiName" : "METADATA",
    "type" : "span",
    "description" : null,
    "enabled" : true,
    "built_in" : false,
    "readonly" : false,
    "attach_type" : null,
    "attach_feature" : null,
    "allow_stacking" : false,
    "cross_sentence" : true,
    "show_hover" : true,
    "anchoring_mode" : "TOKENS",
    "overlap_mode" : "NO_OVERLAP",
    "validation_mode" : "ALWAYS",
    "lock_to_token_offset" : false,
    "multiple_tokens" : true,
    "project_name" : "E3C_TEMPLATE",
    "linked_list_behavior" : false,
    "on_click_javascript_action" : null
  }, {
    "name" : "de.tudarmstadt.ukp.dkpro.core.api.lexmorph.type.morph.MorphologicalFeatures",
    "features" : [ {
      "name" : "value",
      "tag_set" : null,
      "uiName" : "Features",
      "type" : "uima.cas.String",
      "enabled" : true,
      "visible" : false,
      "include_in_hover" : false,
      "required" : false,
      "remember" : false,
      "hideUnconstraintFeature" : false,
      "description" : "Morphological features",
      "project_name" : "E3C_TEMPLATE",
      "multi_value_mode" : "NONE",
      "link_mode" : "NONE",
      "link_type_name" : null,
      "link_type_role_feature_name" : null,
      "link_type_target_feature_name" : null,
      "traits" : null
    } ],
    "uiName" : "Morphological features",
    "type" : "span",
    "description" : null,
    "enabled" : false,
    "built_in" : true,
    "readonly" : false,
    "attach_type" : {
      "name" : "de.tudarmstadt.ukp.dkpro.core.api.segmentation.type.Token"
    },
    "attach_feature" : {
      "name" : "morph",
      "layer" : "de.tudarmstadt.ukp.dkpro.core.api.segmentation.type.Token"
    },
    "allow_stacking" : false,
    "cross_sentence" : false,
    "show_hover" : true,
    "anchoring_mode" : "SINGLE_TOKEN",
    "overlap_mode" : "NO_OVERLAP",
    "validation_mode" : "ALWAYS",
    "lock_to_token_offset" : true,
    "multiple_tokens" : false,
    "project_name" : "E3C_TEMPLATE",
    "linked_list_behavior" : false,
    "on_click_javascript_action" : null
  }, {
    "name" : "de.tudarmstadt.ukp.dkpro.core.api.ner.type.NamedEntity",
    "features" : [ {
      "name" : "value",
      "tag_set" : {
        "name" : "Named Entity tags",
        "typeUiName" : null,
        "description" : "Named Entity annotation",
        "language" : "de",
        "type" : null,
        "type_name" : null,
        "type_description" : null,
        "tags" : [ {
          "tag_name" : "LOC",
          "tag_description" : "Location"
        }, {
          "tag_name" : "LOCderiv",
          "tag_description" : "Location derivative"
        }, {
          "tag_name" : "LOCpart",
          "tag_description" : "Hyphenated part is location"
        }, {
          "tag_name" : "ORG",
          "tag_description" : "Organization"
        }, {
          "tag_name" : "ORGderiv",
          "tag_description" : "Organization derivative"
        }, {
          "tag_name" : "ORGpart",
          "tag_description" : "Hyphenated part is organization"
        }, {
          "tag_name" : "OTH",
          "tag_description" : "Other: Every name that is not a location, person or organisation"
        }, {
          "tag_name" : "OTHderiv",
          "tag_description" : "Other derivative"
        }, {
          "tag_name" : "OTHpart",
          "tag_description" : "Hyphenated part is Other"
        }, {
          "tag_name" : "PER",
          "tag_description" : "Person"
        }, {
          "tag_name" : "PERderiv",
          "tag_description" : "Person derivative"
        }, {
          "tag_name" : "PERpart",
          "tag_description" : "Hyphenated part is person"
        } ],
        "create_tag" : false
      },
      "uiName" : "value",
      "type" : "uima.cas.String",
      "enabled" : true,
      "visible" : true,
      "include_in_hover" : false,
      "required" : false,
      "remember" : false,
      "hideUnconstraintFeature" : false,
      "description" : "Named entity type",
      "project_name" : "E3C_TEMPLATE",
      "multi_value_mode" : "NONE",
      "link_mode" : "NONE",
      "link_type_name" : null,
      "link_type_role_feature_name" : null,
      "link_type_target_feature_name" : null,
      "traits" : null
    } ],
    "uiName" : "Named entity",
    "type" : "span",
    "description" : null,
    "enabled" : false,
    "built_in" : true,
    "readonly" : false,
    "attach_type" : null,
    "attach_feature" : null,
    "allow_stacking" : false,
    "cross_sentence" : false,
    "show_hover" : true,
    "anchoring_mode" : "TOKENS",
    "overlap_mode" : "NO_OVERLAP",
    "validation_mode" : "ALWAYS",
    "lock_to_token_offset" : false,
    "multiple_tokens" : true,
    "project_name" : "E3C_TEMPLATE",
    "linked_list_behavior" : false,
    "on_click_javascript_action" : null
  }, {
    "name" : "de.tudarmstadt.ukp.dkpro.core.api.transform.type.SofaChangeAnnotation",
    "features" : [ {
      "name" : "value",
      "tag_set" : null,
      "uiName" : "Correction",
      "type" : "uima.cas.String",
      "enabled" : true,
      "visible" : true,
      "include_in_hover" : false,
      "required" : false,
      "remember" : false,
      "hideUnconstraintFeature" : false,
      "description" : "Correct this token using the specified operation.",
      "project_name" : "E3C_TEMPLATE",
      "multi_value_mode" : "NONE",
      "link_mode" : "NONE",
      "link_type_name" : null,
      "link_type_role_feature_name" : null,
      "link_type_target_feature_name" : null,
      "traits" : null
    }, {
      "name" : "operation",
      "tag_set" : {
        "name" : "Operation",
        "typeUiName" : null,
        "description" : "operation to be done with specified in tokenIDs token/tokens in order to correct",
        "language" : "en",
        "type" : null,
        "type_name" : null,
        "type_description" : null,
        "tags" : [ {
          "tag_name" : "delete",
          "tag_description" : "delete"
        }, {
          "tag_name" : "insert_after",
          "tag_description" : "insert after"
        }, {
          "tag_name" : "insert_before",
          "tag_description" : "insert before"
        }, {
          "tag_name" : "replace",
          "tag_description" : "replace"
        } ],
        "create_tag" : true
      },
      "uiName" : "Operation",
      "type" : "uima.cas.String",
      "enabled" : true,
      "visible" : false,
      "include_in_hover" : false,
      "required" : true,
      "remember" : false,
      "hideUnconstraintFeature" : false,
      "description" : "An operation taken to change this token.",
      "project_name" : "E3C_TEMPLATE",
      "multi_value_mode" : "NONE",
      "link_mode" : "NONE",
      "link_type_name" : null,
      "link_type_role_feature_name" : null,
      "link_type_target_feature_name" : null,
      "traits" : null
    } ],
    "uiName" : "Orthography Correction",
    "type" : "span",
    "description" : null,
    "enabled" : false,
    "built_in" : true,
    "readonly" : false,
    "attach_type" : null,
    "attach_feature" : null,
    "allow_stacking" : false,
    "cross_sentence" : false,
    "show_hover" : true,
    "anchoring_mode" : "SINGLE_TOKEN",
    "overlap_mode" : "NO_OVERLAP",
    "validation_mode" : "ALWAYS",
    "lock_to_token_offset" : true,
    "multiple_tokens" : false,
    "project_name" : "E3C_TEMPLATE",
    "linked_list_behavior" : false,
    "on_click_javascript_action" : null
  }, {
    "name" : "webanno.custom.PROVA",
    "features" : [ ],
    "uiName" : "PROVA",
    "type" : "span",
    "description" : null,
    "enabled" : false,
    "built_in" : false,
    "readonly" : false,
    "attach_type" : null,
    "attach_feature" : null,
    "allow_stacking" : false,
    "cross_sentence" : false,
    "show_hover" : true,
    "anchoring_mode" : "TOKENS",
    "overlap_mode" : "NO_OVERLAP",
    "validation_mode" : "ALWAYS",
    "lock_to_token_offset" : false,
    "multiple_tokens" : true,
    "project_name" : "E3C_TEMPLATE",
    "linked_list_behavior" : false,
    "on_click_javascript_action" : null
  }, {
    "name" : "de.tudarmstadt.ukp.dkpro.core.api.lexmorph.type.pos.POS",
    "features" : [ {
      "name" : "coarseValue",
      "tag_set" : {
        "name" : "UD Universal POS tags (v2)",
        "typeUiName" : null,
        "description" : "These tags mark the core part-of-speech categories from the Universal Dependencies project. To distinguish additional lexical and grammatical properties of words, use the universal features.\r\n\r\n© 2017 Universal Dependencies contributors\r\n\r\nSee: https://universaldependencies.org/u/pos/index.html",
        "language" : "mul",
        "type" : null,
        "type_name" : null,
        "type_description" : null,
        "tags" : [ {
          "tag_name" : "ADJ",
          "tag_description" : "adjective"
        }, {
          "tag_name" : "ADP",
          "tag_description" : "adposition"
        }, {
          "tag_name" : "ADV",
          "tag_description" : "adverb"
        }, {
          "tag_name" : "AUX",
          "tag_description" : "auxiliary"
        }, {
          "tag_name" : "CCONJ",
          "tag_description" : "coordinating conjunction"
        }, {
          "tag_name" : "DET",
          "tag_description" : "determiner"
        }, {
          "tag_name" : "INTJ",
          "tag_description" : "interjection"
        }, {
          "tag_name" : "NOUN",
          "tag_description" : "noun"
        }, {
          "tag_name" : "NUM",
          "tag_description" : "numeral"
        }, {
          "tag_name" : "PART",
          "tag_description" : "particle"
        }, {
          "tag_name" : "PRON",
          "tag_description" : "pronoun"
        }, {
          "tag_name" : "PROPN",
          "tag_description" : "proper noun"
        }, {
          "tag_name" : "PUNCT",
          "tag_description" : "punctuation"
        }, {
          "tag_name" : "SCONJ",
          "tag_description" : "subordinating conjunction"
        }, {
          "tag_name" : "SYM",
          "tag_description" : "symbol"
        }, {
          "tag_name" : "VERB",
          "tag_description" : "verb"
        }, {
          "tag_name" : "X",
          "tag_description" : "other"
        } ],
        "create_tag" : false
      },
      "uiName" : "UPOS",
      "type" : "uima.cas.String",
      "enabled" : true,
      "visible" : true,
      "include_in_hover" : false,
      "required" : false,
      "remember" : false,
      "hideUnconstraintFeature" : false,
      "description" : "Universal part-of-speech tag",
      "project_name" : "E3C_TEMPLATE",
      "multi_value_mode" : "NONE",
      "link_mode" : "NONE",
      "link_type_name" : null,
      "link_type_role_feature_name" : null,
      "link_type_target_feature_name" : null,
      "traits" : null
    }, {
      "name" : "PosValue",
      "tag_set" : null,
      "uiName" : "XPOS",
      "type" : "uima.cas.String",
      "enabled" : true,
      "visible" : true,
      "include_in_hover" : false,
      "required" : false,
      "remember" : false,
      "hideUnconstraintFeature" : false,
      "description" : "Language-specific part-of-speech tag",
      "project_name" : "E3C_TEMPLATE",
      "multi_value_mode" : "NONE",
      "link_mode" : "NONE",
      "link_type_name" : null,
      "link_type_role_feature_name" : null,
      "link_type_target_feature_name" : null,
      "traits" : null
    } ],
    "uiName" : "Part of speech",
    "type" : "span",
    "description" : null,
    "enabled" : false,
    "built_in" : true,
    "readonly" : false,
    "attach_type" : {
      "name" : "de.tudarmstadt.ukp.dkpro.core.api.segmentation.type.Token"
    },
    "attach_feature" : {
      "name" : "pos",
      "layer" : "de.tudarmstadt.ukp.dkpro.core.api.segmentation.type.Token"
    },
    "allow_stacking" : false,
    "cross_sentence" : false,
    "show_hover" : true,
    "anchoring_mode" : "SINGLE_TOKEN",
    "overlap_mode" : "NO_OVERLAP",
    "validation_mode" : "ALWAYS",
    "lock_to_token_offset" : true,
    "multiple_tokens" : false,
    "project_name" : "E3C_TEMPLATE",
    "linked_list_behavior" : false,
    "on_click_javascript_action" : null
  }, {
    "name" : "webanno.custom.RML",
    "features" : [ {
      "name" : "PERTAINSTO",
      "tag_set" : {
        "name" : "PERTAINS-TO values",
        "typeUiName" : null,
        "description" : null,
        "language" : null,
        "type" : null,
        "type_name" : null,
        "type_description" : null,
        "tags" : [ {
          "tag_name" : "PERTAINS",
          "tag_description" : null
        } ],
        "create_tag" : false
      },
      "uiName" : "PERTAINS-TO",
      "type" : "webanno.custom.EVENT",
      "enabled" : true,
      "visible" : false,
      "include_in_hover" : false,
      "required" : false,
      "remember" : true,
      "hideUnconstraintFeature" : false,
      "description" : null,
      "project_name" : "E3C_TEMPLATE",
      "multi_value_mode" : "ARRAY",
      "link_mode" : "WITH_ROLE",
      "link_type_name" : "webanno.custom.RMLPERTAINSTOLink",
      "link_type_role_feature_name" : "role",
      "link_type_target_feature_name" : "target",
      "traits" : "{\"defaultSlots\":[]}"
    }, {
      "name" : "xtra",
      "tag_set" : null,
      "uiName" : "xtra",
      "type" : "uima.cas.String",
      "enabled" : true,
      "visible" : true,
      "include_in_hover" : false,
      "required" : false,
      "remember" : false,
      "hideUnconstraintFeature" : false,
      "description" : null,
      "project_name" : "E3C_TEMPLATE",
      "multi_value_mode" : "NONE",
      "link_mode" : "NONE",
      "link_type_name" : null,
      "link_type_role_feature_name" : null,
      "link_type_target_feature_name" : null,
      "traits" : null
    } ],
    "uiName" : "RML",
    "type" : "span",
    "description" : null,
    "enabled" : true,
    "built_in" : false,
    "readonly" : false,
    "attach_type" : null,
    "attach_feature" : null,
    "allow_stacking" : false,
    "cross_sentence" : false,
    "show_hover" : true,
    "anchoring_mode" : "TOKENS",
    "overlap_mode" : "NO_OVERLAP",
    "validation_mode" : "ALWAYS",
    "lock_to_token_offset" : false,
    "multiple_tokens" : true,
    "project_name" : "E3C_TEMPLATE",
    "linked_list_behavior" : false,
    "on_click_javascript_action" : null
  }, {
    "name" : "de.tudarmstadt.ukp.dkpro.core.api.semantics.type.SemArg",
    "features" : [ ],
    "uiName" : "SemArg",
    "type" : "span",
    "description" : null,
    "enabled" : false,
    "built_in" : true,
    "readonly" : false,
    "attach_type" : null,
    "attach_feature" : null,
    "allow_stacking" : true,
    "cross_sentence" : false,
    "show_hover" : true,
    "anchoring_mode" : "TOKENS",
    "overlap_mode" : "ANY_OVERLAP",
    "validation_mode" : "ALWAYS",
    "lock_to_token_offset" : false,
    "multiple_tokens" : true,
    "project_name" : "E3C_TEMPLATE",
    "linked_list_behavior" : false,
    "on_click_javascript_action" : null
  }, {
    "name" : "de.tudarmstadt.ukp.dkpro.core.api.semantics.type.SemPred",
    "features" : [ {
      "name" : "arguments",
      "tag_set" : null,
      "uiName" : "arguments",
      "type" : "de.tudarmstadt.ukp.dkpro.core.api.semantics.type.SemArg",
      "enabled" : true,
      "visible" : true,
      "include_in_hover" : false,
      "required" : false,
      "remember" : false,
      "hideUnconstraintFeature" : false,
      "description" : "Arguments of the semantic predicate",
      "project_name" : "E3C_TEMPLATE",
      "multi_value_mode" : "ARRAY",
      "link_mode" : "WITH_ROLE",
      "link_type_name" : "de.tudarmstadt.ukp.dkpro.core.api.semantics.type.SemArgLink",
      "link_type_role_feature_name" : "role",
      "link_type_target_feature_name" : "target",
      "traits" : null
    }, {
      "name" : "category",
      "tag_set" : null,
      "uiName" : "category",
      "type" : "uima.cas.String",
      "enabled" : true,
      "visible" : true,
      "include_in_hover" : false,
      "required" : false,
      "remember" : false,
      "hideUnconstraintFeature" : false,
      "description" : "Category of the semantic predicate, e.g. the frame identifier.",
      "project_name" : "E3C_TEMPLATE",
      "multi_value_mode" : "NONE",
      "link_mode" : "NONE",
      "link_type_name" : null,
      "link_type_role_feature_name" : null,
      "link_type_target_feature_name" : null,
      "traits" : null
    } ],
    "uiName" : "SemPred",
    "type" : "span",
    "description" : null,
    "enabled" : false,
    "built_in" : true,
    "readonly" : false,
    "attach_type" : null,
    "attach_feature" : null,
    "allow_stacking" : true,
    "cross_sentence" : false,
    "show_hover" : true,
    "anchoring_mode" : "TOKENS",
    "overlap_mode" : "ANY_OVERLAP",
    "validation_mode" : "ALWAYS",
    "lock_to_token_offset" : false,
    "multiple_tokens" : true,
    "project_name" : "E3C_TEMPLATE",
    "linked_list_behavior" : false,
    "on_click_javascript_action" : null
  }, {
    "name" : "de.tudarmstadt.ukp.dkpro.core.api.segmentation.type.SurfaceForm",
    "features" : [ {
      "name" : "value",
      "tag_set" : null,
      "uiName" : "Form",
      "type" : "uima.cas.String",
      "enabled" : true,
      "visible" : true,
      "include_in_hover" : false,
      "required" : false,
      "remember" : false,
      "hideUnconstraintFeature" : false,
      "description" : "Original surface text",
      "project_name" : "E3C_TEMPLATE",
      "multi_value_mode" : "NONE",
      "link_mode" : "NONE",
      "link_type_name" : null,
      "link_type_role_feature_name" : null,
      "link_type_target_feature_name" : null,
      "traits" : null
    } ],
    "uiName" : "Surface form",
    "type" : "span",
    "description" : null,
    "enabled" : false,
    "built_in" : true,
    "readonly" : false,
    "attach_type" : null,
    "attach_feature" : null,
    "allow_stacking" : false,
    "cross_sentence" : false,
    "show_hover" : true,
    "anchoring_mode" : "TOKENS",
    "overlap_mode" : "NO_OVERLAP",
    "validation_mode" : "ALWAYS",
    "lock_to_token_offset" : false,
    "multiple_tokens" : true,
    "project_name" : "E3C_TEMPLATE",
    "linked_list_behavior" : false,
    "on_click_javascript_action" : null
  }, {
    "name" : "webanno.custom.TIME",
    "features" : [ ],
    "uiName" : "TIME",
    "type" : "span",
    "description" : null,
    "enabled" : false,
    "built_in" : false,
    "readonly" : false,
    "attach_type" : null,
    "attach_feature" : null,
    "allow_stacking" : false,
    "cross_sentence" : false,
    "show_hover" : true,
    "anchoring_mode" : "TOKENS",
    "overlap_mode" : "NO_OVERLAP",
    "validation_mode" : "ALWAYS",
    "lock_to_token_offset" : false,
    "multiple_tokens" : true,
    "project_name" : "E3C_TEMPLATE",
    "linked_list_behavior" : false,
    "on_click_javascript_action" : null
  }, {
    "name" : "webanno.custom.TIMEX3",
    "features" : [ {
      "name" : "functionInDocument",
      "tag_set" : {
        "name" : "functionInDocument values",
        "typeUiName" : null,
        "description" : null,
        "language" : null,
        "type" : null,
        "type_name" : null,
        "type_description" : null,
        "tags" : [ {
          "tag_name" : "DOCTIME",
          "tag_description" : null
        }, {
          "tag_name" : "NONE",
          "tag_description" : null
        }, {
          "tag_name" : "SECTIONTIME",
          "tag_description" : null
        } ],
        "create_tag" : false
      },
      "uiName" : "functionInDocument",
      "type" : "uima.cas.String",
      "enabled" : true,
      "visible" : false,
      "include_in_hover" : false,
      "required" : false,
      "remember" : true,
      "hideUnconstraintFeature" : false,
      "description" : null,
      "project_name" : "E3C_TEMPLATE",
      "multi_value_mode" : "NONE",
      "link_mode" : "NONE",
      "link_type_name" : null,
      "link_type_role_feature_name" : null,
      "link_type_target_feature_name" : null,
      "traits" : null
    }, {
      "name" : "timex3Class",
      "tag_set" : {
        "name" : "timex3Class values",
        "typeUiName" : null,
        "description" : null,
        "language" : null,
        "type" : null,
        "type_name" : null,
        "type_description" : null,
        "tags" : [ {
          "tag_name" : "DATE",
          "tag_description" : null
        }, {
          "tag_name" : "DURATION",
          "tag_description" : null
        }, {
          "tag_name" : "PREPOSTEXP",
          "tag_description" : null
        }, {
          "tag_name" : "QUANTIFIER",
          "tag_description" : null
        }, {
          "tag_name" : "SET",
          "tag_description" : null
        }, {
          "tag_name" : "TIME",
          "tag_description" : null
        } ],
        "create_tag" : false
      },
      "uiName" : "timex3Class",
      "type" : "uima.cas.String",
      "enabled" : true,
      "visible" : true,
      "include_in_hover" : false,
      "required" : true,
      "remember" : false,
      "hideUnconstraintFeature" : false,
      "description" : null,
      "project_name" : "E3C_TEMPLATE",
      "multi_value_mode" : "NONE",
      "link_mode" : "NONE",
      "link_type_name" : null,
      "link_type_role_feature_name" : null,
      "link_type_target_feature_name" : null,
      "traits" : null
    }, {
      "name" : "timexLink",
      "tag_set" : {
        "name" : "TLINK values",
        "typeUiName" : null,
        "description" : null,
        "language" : null,
        "type" : null,
        "type_name" : null,
        "type_description" : null,
        "tags" : [ {
          "tag_name" : "BEFORE",
          "tag_description" : null
        }, {
          "tag_name" : "BEGINS-ON",
          "tag_description" : null
        }, {
          "tag_name" : "CONTAINS",
          "tag_description" : null
        }, {
          "tag_name" : "ENDS-ON",
          "tag_description" : null
        }, {
          "tag_name" : "OVERLAP",
          "tag_description" : null
        }, {
          "tag_name" : "SIMULTANEOUS",
          "tag_description" : null
        } ],
        "create_tag" : true
      },
      "uiName" : "timexLink",
      "type" : "uima.tcas.Annotation",
      "enabled" : true,
      "visible" : true,
      "include_in_hover" : false,
      "required" : false,
      "remember" : false,
      "hideUnconstraintFeature" : false,
      "description" : null,
      "project_name" : "E3C_TEMPLATE",
      "multi_value_mode" : "ARRAY",
      "link_mode" : "WITH_ROLE",
      "link_type_name" : "webanno.custom.TIMEX3TimexLinkLink",
      "link_type_role_feature_name" : "role",
      "link_type_target_feature_name" : "target",
      "traits" : "{\"defaultSlots\":[592]}"
    }, {
      "name" : "value",
      "tag_set" : null,
      "uiName" : "value",
      "type" : "uima.cas.String",
      "enabled" : true,
      "visible" : false,
      "include_in_hover" : false,
      "required" : false,
      "remember" : false,
      "hideUnconstraintFeature" : false,
      "description" : null,
      "project_name" : "E3C_TEMPLATE",
      "multi_value_mode" : "NONE",
      "link_mode" : "NONE",
      "link_type_name" : null,
      "link_type_role_feature_name" : null,
      "link_type_target_feature_name" : null,
      "traits" : null
    }, {
      "name" : "xtra",
      "tag_set" : null,
      "uiName" : "xtra",
      "type" : "uima.cas.String",
      "enabled" : true,
      "visible" : true,
      "include_in_hover" : false,
      "required" : false,
      "remember" : false,
      "hideUnconstraintFeature" : false,
      "description" : null,
      "project_name" : "E3C_TEMPLATE",
      "multi_value_mode" : "NONE",
      "link_mode" : "NONE",
      "link_type_name" : null,
      "link_type_role_feature_name" : null,
      "link_type_target_feature_name" : null,
      "traits" : null
    } ],
    "uiName" : "TIMEX3",
    "type" : "span",
    "description" : null,
    "enabled" : true,
    "built_in" : false,
    "readonly" : false,
    "attach_type" : null,
    "attach_feature" : null,
    "allow_stacking" : false,
    "cross_sentence" : false,
    "show_hover" : true,
    "anchoring_mode" : "TOKENS",
    "overlap_mode" : "NO_OVERLAP",
    "validation_mode" : "ALWAYS",
    "lock_to_token_offset" : false,
    "multiple_tokens" : true,
    "project_name" : "E3C_TEMPLATE",
    "linked_list_behavior" : false,
    "on_click_javascript_action" : null
  }, {
    "name" : "de.tudarmstadt.ukp.dkpro.core.api.segmentation.type.Token",
    "features" : [ {
      "name" : "lemma",
      "tag_set" : null,
      "uiName" : "lemma",
      "type" : "de.tudarmstadt.ukp.dkpro.core.api.segmentation.type.Lemma",
      "enabled" : true,
      "visible" : true,
      "include_in_hover" : false,
      "required" : false,
      "remember" : false,
      "hideUnconstraintFeature" : false,
      "description" : null,
      "project_name" : "E3C_TEMPLATE",
      "multi_value_mode" : "NONE",
      "link_mode" : "NONE",
      "link_type_name" : null,
      "link_type_role_feature_name" : null,
      "link_type_target_feature_name" : null,
      "traits" : null
    }, {
      "name" : "morph",
      "tag_set" : null,
      "uiName" : "morph",
      "type" : "de.tudarmstadt.ukp.dkpro.core.api.segmentation.type.Lemma",
      "enabled" : true,
      "visible" : true,
      "include_in_hover" : false,
      "required" : false,
      "remember" : false,
      "hideUnconstraintFeature" : false,
      "description" : null,
      "project_name" : "E3C_TEMPLATE",
      "multi_value_mode" : "NONE",
      "link_mode" : "NONE",
      "link_type_name" : null,
      "link_type_role_feature_name" : null,
      "link_type_target_feature_name" : null,
      "traits" : null
    }, {
      "name" : "pos",
      "tag_set" : null,
      "uiName" : "pos",
      "type" : "de.tudarmstadt.ukp.dkpro.core.api.lexmorph.type.pos.POS",
      "enabled" : true,
      "visible" : true,
      "include_in_hover" : false,
      "required" : false,
      "remember" : false,
      "hideUnconstraintFeature" : false,
      "description" : null,
      "project_name" : "E3C_TEMPLATE",
      "multi_value_mode" : "NONE",
      "link_mode" : "NONE",
      "link_type_name" : null,
      "link_type_role_feature_name" : null,
      "link_type_target_feature_name" : null,
      "traits" : null
    } ],
    "uiName" : "Token",
    "type" : "span",
    "description" : null,
    "enabled" : true,
    "built_in" : true,
    "readonly" : false,
    "attach_type" : null,
    "attach_feature" : null,
    "allow_stacking" : false,
    "cross_sentence" : false,
    "show_hover" : true,
    "anchoring_mode" : "SINGLE_TOKEN",
    "overlap_mode" : "NO_OVERLAP",
    "validation_mode" : "NEVER",
    "lock_to_token_offset" : true,
    "multiple_tokens" : false,
    "project_name" : "E3C_TEMPLATE",
    "linked_list_behavior" : false,
    "on_click_javascript_action" : null
  } ],
  "disableExport" : false,
  "script_direction" : "LTR",
  "created" : 1591893677000,
  "updated" : 1634277695347,
  "anonymous_curation" : false,
  "training_documents" : [ ],
  "mira_templates" : [ ]
}